{"cameraMode":{"drawMode":0,"name":"Shaded","section":"Shading Mode"},"sceneLighting":true,"audioPlay":false,"sceneViewState":{"m_AlwaysRefresh":false,"showFog":true,"showSkybox":true,"showFlares":true,"showImageEffects":true,"showParticleSystems":true,"showVisualEffectGraphs":true,"m_FxEnabled":true},"in2DMode":false,"pivot":{"x":0.09833359718322754,"y":1.7631809711456299,"z":9.225289344787598},"rotation":{"x":0.0025774298701435329,"y":0.9968038201332092,"z":-0.0712907463312149,"w":0.036196641623973849},"size":2.3241631984710695,"orthographic":true}